FIPS,reason
01001,no ozone monitor
01005,no ozone monitor
01007,no ozone monitor
01009,no ozone monitor
01011,no ozone monitor
01013,no ozone monitor
01015,no ozone monitor
01017,no ozone monitor
01019,no ozone monitor
01021,no ozone monitor
01023,no ozone monitor
01025,no ozone monitor
01027,no ozone monitor
01029,no ozone monitor
01031,no ozone monitor
01033,no ozone monitor
01035,no ozone monitor
01037,no ozone monitor
01039,no ozone monitor
01041,no ozone monitor
01043,no ozone monitor
01045,no ozone monitor
01047,no ozone monitor
01053,no ozone monitor
01057,no ozone monitor
01059,no ozone monitor
01061,no ozone monitor
01063,no ozone monitor
01065,no ozone monitor
01067,no ozone monitor
01069,no ozone monitor
01071,no ozone monitor
01075,no ozone monitor
01077,no ozone monitor
01079,no ozone monitor
01081,no ozone monitor
01083,no ozone monitor
01085,no ozone monitor
01087,no ozone monitor
01091,no ozone monitor
01093,no ozone monitor
01095,no ozone monitor
01099,no ozone monitor
01105,no ozone monitor
01107,no ozone monitor
01109,no ozone monitor
01111,no ozone monitor
01115,no ozone monitor
01121,no ozone monitor
01123,no ozone monitor
01127,no ozone monitor
01129,no ozone monitor
01131,no ozone monitor
01133,no ozone monitor
02013,no ozone monitor
02016,no ozone monitor
02020,no ozone monitor
02050,no ozone monitor
02060,no ozone monitor
02063,no ozone monitor
02066,no ozone monitor
02070,no ozone monitor
02100,no ozone monitor
02105,no ozone monitor
02110,no ozone monitor
02122,no ozone monitor
02130,no ozone monitor
02150,no ozone monitor
02158,no ozone monitor
02164,no ozone monitor
02170,no ozone monitor
02180,no ozone monitor
02185,no ozone monitor
02188,no ozone monitor
02195,no ozone monitor
02198,no ozone monitor
02220,no ozone monitor
02230,no ozone monitor
02240,no ozone monitor
02275,no ozone monitor
02282,no ozone monitor
02290,no ozone monitor
04009,no ozone monitor
04011,no ozone monitor
04015,no ozone monitor
04017,no ozone monitor
04023,no ozone monitor
05001,no ozone monitor
05003,no ozone monitor
05005,no ozone monitor
05007,no ozone monitor
05009,no ozone monitor
05011,no ozone monitor
05013,no ozone monitor
05015,no ozone monitor
05017,no ozone monitor
05021,no ozone monitor
05023,no ozone monitor
05025,no ozone monitor
05027,no ozone monitor
05029,no ozone monitor
05031,no ozone monitor
05033,no ozone monitor
05037,no ozone monitor
05039,no ozone monitor
05041,no ozone monitor
05043,no ozone monitor
05045,no ozone monitor
05047,no ozone monitor
05049,no ozone monitor
05051,no ozone monitor
05053,no ozone monitor
05055,no ozone monitor
05057,no ozone monitor
05059,no ozone monitor
05061,no ozone monitor
05063,no ozone monitor
05065,no ozone monitor
05067,no ozone monitor
05069,no ozone monitor
05071,no ozone monitor
05073,no ozone monitor
05075,no ozone monitor
05077,no ozone monitor
05079,no ozone monitor
05081,no ozone monitor
05083,no ozone monitor
05085,no ozone monitor
05087,no ozone monitor
05089,no ozone monitor
05091,no ozone monitor
05093,no ozone monitor
05095,no ozone monitor
05097,no ozone monitor
05099,no ozone monitor
05103,no ozone monitor
05105,no ozone monitor
05107,no ozone monitor
05109,no ozone monitor
05111,no ozone monitor
05115,no ozone monitor
05117,no ozone monitor
05121,no ozone monitor
05123,no ozone monitor
05125,no ozone monitor
05127,no ozone monitor
05129,no ozone monitor
05131,no ozone monitor
05133,no ozone monitor
05135,no ozone monitor
05137,no ozone monitor
05139,no ozone monitor
05141,no ozone monitor
05145,no ozone monitor
05147,no ozone monitor
05149,no ozone monitor
06001,no ozone monitor
06003,no ozone monitor
06013,no ozone monitor
06015,no ozone monitor
06035,no ozone monitor
06041,no ozone monitor
06049,no ozone monitor
06051,no ozone monitor
06055,no ozone monitor
06063,no ozone monitor
06075,no ozone monitor
06081,no ozone monitor
06085,no ozone monitor
06091,no ozone monitor
06097,no ozone monitor
06105,no ozone monitor
06115,no ozone monitor
08003,no ozone monitor
08009,no ozone monitor
08011,no ozone monitor
08014,no ozone monitor
08017,no ozone monitor
08021,no ozone monitor
08023,no ozone monitor
08025,no ozone monitor
08027,no ozone monitor
08029,no ozone monitor
08033,no ozone monitor
08037,no ozone monitor
08039,no ozone monitor
08043,no ozone monitor
08053,no ozone monitor
08055,no ozone monitor
08057,no ozone monitor
08061,no ozone monitor
08063,no ozone monitor
08065,no ozone monitor
08071,no ozone monitor
08073,no ozone monitor
08075,no ozone monitor
08079,no ozone monitor
08081,no ozone monitor
08085,no ozone monitor
08087,no ozone monitor
08089,no ozone monitor
08091,no ozone monitor
08095,no ozone monitor
08097,no ozone monitor
08099,no ozone monitor
08103,no ozone monitor
08105,no ozone monitor
08107,no ozone monitor
08109,no ozone monitor
08111,no ozone monitor
08115,no ozone monitor
08117,no ozone monitor
08119,no ozone monitor
08121,no ozone monitor
08125,no ozone monitor
09110,no ozone monitor
09120,no ozone monitor
09130,no ozone monitor
09140,no ozone monitor
09150,no ozone monitor
09160,no ozone monitor
09170,no ozone monitor
09180,no ozone monitor
09190,no ozone monitor
12007,no ozone monitor
12013,no ozone monitor
12015,no ozone monitor
12017,no ozone monitor
12019,no ozone monitor
12027,no ozone monitor
12029,no ozone monitor
12037,no ozone monitor
12039,no ozone monitor
12041,no ozone monitor
12043,no ozone monitor
12045,no ozone monitor
12047,no ozone monitor
12049,no ozone monitor
12051,no ozone monitor
12053,no ozone monitor
12063,no ozone monitor
12065,no ozone monitor
12067,no ozone monitor
12075,no ozone monitor
12079,no ozone monitor
12087,no ozone monitor
12089,no ozone monitor
12093,no ozone monitor
12107,no ozone monitor
12109,no ozone monitor
12119,no ozone monitor
12121,no ozone monitor
12123,no ozone monitor
12125,no ozone monitor
12131,no ozone monitor
12133,no ozone monitor
13001,no ozone monitor
13003,no ozone monitor
13005,no ozone monitor
13007,no ozone monitor
13009,no ozone monitor
13011,no ozone monitor
13013,no ozone monitor
13015,no ozone monitor
13017,no ozone monitor
13019,no ozone monitor
13023,no ozone monitor
13025,no ozone monitor
13027,no ozone monitor
13029,no ozone monitor
13031,no ozone monitor
13033,no ozone monitor
13035,no ozone monitor
13037,no ozone monitor
13039,no ozone monitor
13043,no ozone monitor
13045,no ozone monitor
13047,no ozone monitor
13049,no ozone monitor
13053,no ozone monitor
13055,no ozone monitor
13057,no ozone monitor
13061,no ozone monitor
13063,no ozone monitor
13065,no ozone monitor
13069,no ozone monitor
13071,no ozone monitor
13073,no ozone monitor
13075,no ozone monitor
13077,no ozone monitor
13079,no ozone monitor
13081,no ozone monitor
13083,no ozone monitor
13087,no ozone monitor
13091,no ozone monitor
13093,no ozone monitor
13095,no ozone monitor
13099,no ozone monitor
13101,no ozone monitor
13103,no ozone monitor
13105,no ozone monitor
13107,no ozone monitor
13109,no ozone monitor
13111,no ozone monitor
13113,no ozone monitor
13115,no ozone monitor
13117,no ozone monitor
13119,no ozone monitor
13123,no ozone monitor
13125,no ozone monitor
13129,no ozone monitor
13131,no ozone monitor
13133,no ozone monitor
13137,no ozone monitor
13139,no ozone monitor
13141,no ozone monitor
13143,no ozone monitor
13145,no ozone monitor
13147,no ozone monitor
13149,no ozone monitor
13153,no ozone monitor
13155,no ozone monitor
13157,no ozone monitor
13159,no ozone monitor
13161,no ozone monitor
13163,no ozone monitor
13165,no ozone monitor
13167,no ozone monitor
13169,no ozone monitor
13171,no ozone monitor
13173,no ozone monitor
13175,no ozone monitor
13177,no ozone monitor
13179,no ozone monitor
13181,no ozone monitor
13183,no ozone monitor
13185,no ozone monitor
13187,no ozone monitor
13189,no ozone monitor
13191,no ozone monitor
13193,no ozone monitor
13195,no ozone monitor
13197,no ozone monitor
13199,no ozone monitor
13201,no ozone monitor
13205,no ozone monitor
13207,no ozone monitor
13209,no ozone monitor
13211,no ozone monitor
13217,no ozone monitor
13219,no ozone monitor
13221,no ozone monitor
13223,no ozone monitor
13225,no ozone monitor
13227,no ozone monitor
13229,no ozone monitor
13233,no ozone monitor
13235,no ozone monitor
13237,no ozone monitor
13239,no ozone monitor
13241,no ozone monitor
13243,no ozone monitor
13249,no ozone monitor
13251,no ozone monitor
13253,no ozone monitor
13255,no ozone monitor
13257,no ozone monitor
13259,no ozone monitor
13261,no ozone monitor
13263,no ozone monitor
13265,no ozone monitor
13267,no ozone monitor
13269,no ozone monitor
13271,no ozone monitor
13273,no ozone monitor
13275,no ozone monitor
13277,no ozone monitor
13279,no ozone monitor
13281,no ozone monitor
13283,no ozone monitor
13285,no ozone monitor
13287,no ozone monitor
13289,no ozone monitor
13291,no ozone monitor
13293,no ozone monitor
13295,no ozone monitor
13297,no ozone monitor
13299,no ozone monitor
13301,no ozone monitor
13303,no ozone monitor
13305,no ozone monitor
13307,no ozone monitor
13309,no ozone monitor
13311,no ozone monitor
13313,no ozone monitor
13315,no ozone monitor
13317,no ozone monitor
13319,no ozone monitor
13321,no ozone monitor
15001,no ozone monitor
15005,no ozone monitor
15007,no ozone monitor
15009,no ozone monitor
16003,no ozone monitor
16007,no ozone monitor
16009,no ozone monitor
16011,no ozone monitor
16013,no ozone monitor
16015,no ozone monitor
16017,no ozone monitor
16019,no ozone monitor
16021,no ozone monitor
16025,no ozone monitor
16027,no ozone monitor
16029,no ozone monitor
16031,no ozone monitor
16033,no ozone monitor
16035,no ozone monitor
16037,no ozone monitor
16039,no ozone monitor
16041,no ozone monitor
16043,no ozone monitor
16045,no ozone monitor
16047,no ozone monitor
16051,no ozone monitor
16053,no ozone monitor
16055,no ozone monitor
16057,no ozone monitor
16059,no ozone monitor
16061,no ozone monitor
16063,no ozone monitor
16065,no ozone monitor
16067,no ozone monitor
16069,no ozone monitor
16071,no ozone monitor
16073,no ozone monitor
16075,no ozone monitor
16077,no ozone monitor
16079,no ozone monitor
16081,no ozone monitor
16083,no ozone monitor
16085,no ozone monitor
16087,no ozone monitor
17003,no ozone monitor
17005,no ozone monitor
17007,no ozone monitor
17009,no ozone monitor
17011,no ozone monitor
17013,no ozone monitor
17015,no ozone monitor
17017,no ozone monitor
17021,no ozone monitor
17025,no ozone monitor
17027,no ozone monitor
17029,no ozone monitor
17033,no ozone monitor
17035,no ozone monitor
17037,no ozone monitor
17039,no ozone monitor
17041,no ozone monitor
17045,no ozone monitor
17047,no ozone monitor
17051,no ozone monitor
17053,no ozone monitor
17055,no ozone monitor
17057,no ozone monitor
17059,no ozone monitor
17061,no ozone monitor
17063,no ozone monitor
17067,no ozone monitor
17069,no ozone monitor
17071,no ozone monitor
17073,no ozone monitor
17075,no ozone monitor
17077,no ozone monitor
17079,no ozone monitor
17081,no ozone monitor
17087,no ozone monitor
17091,no ozone monitor
17093,no ozone monitor
17095,no ozone monitor
17099,no ozone monitor
17101,no ozone monitor
17103,no ozone monitor
17105,no ozone monitor
17107,no ozone monitor
17109,no ozone monitor
17121,no ozone monitor
17123,no ozone monitor
17125,no ozone monitor
17127,no ozone monitor
17129,no ozone monitor
17131,no ozone monitor
17133,no ozone monitor
17135,no ozone monitor
17137,no ozone monitor
17139,no ozone monitor
17141,no ozone monitor
17145,no ozone monitor
17147,no ozone monitor
17149,no ozone monitor
17151,no ozone monitor
17153,no ozone monitor
17155,no ozone monitor
17159,no ozone monitor
17165,no ozone monitor
17169,no ozone monitor
17171,no ozone monitor
17173,no ozone monitor
17175,no ozone monitor
17177,no ozone monitor
17179,no ozone monitor
17181,no ozone monitor
17183,no ozone monitor
17185,no ozone monitor
17187,no ozone monitor
17189,no ozone monitor
17191,no ozone monitor
17193,no ozone monitor
17195,no ozone monitor
17199,no ozone monitor
17203,no ozone monitor
18001,no ozone monitor
18007,no ozone monitor
18009,no ozone monitor
18017,no ozone monitor
18021,no ozone monitor
18023,no ozone monitor
18025,no ozone monitor
18027,no ozone monitor
18029,no ozone monitor
18031,no ozone monitor
18033,no ozone monitor
18037,no ozone monitor
18041,no ozone monitor
18045,no ozone monitor
18047,no ozone monitor
18049,no ozone monitor
18051,no ozone monitor
18053,no ozone monitor
18059,no ozone monitor
18061,no ozone monitor
18065,no ozone monitor
18069,no ozone monitor
18071,no ozone monitor
18073,no ozone monitor
18075,no ozone monitor
18077,no ozone monitor
18079,no ozone monitor
18081,no ozone monitor
18085,no ozone monitor
18087,no ozone monitor
18093,no ozone monitor
18099,no ozone monitor
18101,no ozone monitor
18103,no ozone monitor
18105,no ozone monitor
18107,no ozone monitor
18109,no ozone monitor
18111,no ozone monitor
18113,no ozone monitor
18115,no ozone monitor
18117,no ozone monitor
18119,no ozone monitor
18121,no ozone monitor
18125,no ozone monitor
18131,no ozone monitor
18133,no ozone monitor
18135,no ozone monitor
18137,no ozone monitor
18139,no ozone monitor
18143,no ozone monitor
18147,no ozone monitor
18149,no ozone monitor
18151,no ozone monitor
18153,no ozone monitor
18155,no ozone monitor
18157,no ozone monitor
18159,no ozone monitor
18161,no ozone monitor
18165,no ozone monitor
18171,no ozone monitor
18175,no ozone monitor
18177,no ozone monitor
18179,no ozone monitor
18181,no ozone monitor
18183,no ozone monitor
19001,no ozone monitor
19003,no ozone monitor
19005,no ozone monitor
19007,no ozone monitor
19009,no ozone monitor
19011,no ozone monitor
19013,no ozone monitor
19015,no ozone monitor
19019,no ozone monitor
19021,no ozone monitor
19023,no ozone monitor
19025,no ozone monitor
19027,no ozone monitor
19029,no ozone monitor
19031,no ozone monitor
19033,no ozone monitor
19035,no ozone monitor
19037,no ozone monitor
19039,no ozone monitor
19041,no ozone monitor
19043,no ozone monitor
19047,no ozone monitor
19049,no ozone monitor
19051,no ozone monitor
19053,no ozone monitor
19055,no ozone monitor
19057,no ozone monitor
19059,no ozone monitor
19061,no ozone monitor
19063,no ozone monitor
19065,no ozone monitor
19067,no ozone monitor
19069,no ozone monitor
19071,no ozone monitor
19073,no ozone monitor
19075,no ozone monitor
19077,no ozone monitor
19079,no ozone monitor
19081,no ozone monitor
19083,no ozone monitor
19087,no ozone monitor
19089,no ozone monitor
19091,no ozone monitor
19093,no ozone monitor
19095,no ozone monitor
19097,no ozone monitor
19099,no ozone monitor
19101,no ozone monitor
19103,no ozone monitor
19105,no ozone monitor
19107,no ozone monitor
19109,no ozone monitor
19111,no ozone monitor
19115,no ozone monitor
19117,no ozone monitor
19119,no ozone monitor
19121,no ozone monitor
19123,no ozone monitor
19125,no ozone monitor
19127,no ozone monitor
19129,no ozone monitor
19131,no ozone monitor
19133,no ozone monitor
19135,no ozone monitor
19139,no ozone monitor
19141,no ozone monitor
19143,no ozone monitor
19145,no ozone monitor
19149,no ozone monitor
19151,no ozone monitor
19155,no ozone monitor
19157,no ozone monitor
19159,no ozone monitor
19161,no ozone monitor
19165,no ozone monitor
19167,no ozone monitor
19169,no ozone monitor
19171,no ozone monitor
19173,no ozone monitor
19175,no ozone monitor
19179,no ozone monitor
19181,no ozone monitor
19183,no ozone monitor
19185,no ozone monitor
19187,no ozone monitor
19189,no ozone monitor
19191,no ozone monitor
19195,no ozone monitor
19197,no ozone monitor
20001,no ozone monitor
20003,no ozone monitor
20005,no ozone monitor
20007,no ozone monitor
20009,no ozone monitor
20011,no ozone monitor
20013,no ozone monitor
20015,no ozone monitor
20017,no ozone monitor
20019,no ozone monitor
20021,no ozone monitor
20023,no ozone monitor
20025,no ozone monitor
20027,no ozone monitor
20029,no ozone monitor
20031,no ozone monitor
20033,no ozone monitor
20035,no ozone monitor
20037,no ozone monitor
20039,no ozone monitor
20041,no ozone monitor
20043,no ozone monitor
20047,no ozone monitor
20049,no ozone monitor
20051,no ozone monitor
20053,no ozone monitor
20055,no ozone monitor
20057,no ozone monitor
20059,no ozone monitor
20061,no ozone monitor
20063,no ozone monitor
20065,no ozone monitor
20067,no ozone monitor
20069,no ozone monitor
20071,no ozone monitor
20073,no ozone monitor
20075,no ozone monitor
20077,no ozone monitor
20079,no ozone monitor
20081,no ozone monitor
20083,no ozone monitor
20085,no ozone monitor
20087,no ozone monitor
20089,no ozone monitor
20093,no ozone monitor
20095,no ozone monitor
20097,no ozone monitor
20099,no ozone monitor
20101,no ozone monitor
20105,no ozone monitor
20107,no ozone monitor
20109,no ozone monitor
20111,no ozone monitor
20113,no ozone monitor
20115,no ozone monitor
20117,no ozone monitor
20119,no ozone monitor
20121,no ozone monitor
20123,no ozone monitor
20125,no ozone monitor
20127,no ozone monitor
20129,no ozone monitor
20131,no ozone monitor
20135,no ozone monitor
20137,no ozone monitor
20139,no ozone monitor
20141,no ozone monitor
20143,no ozone monitor
20145,no ozone monitor
20147,no ozone monitor
20149,no ozone monitor
20151,no ozone monitor
20153,no ozone monitor
20155,no ozone monitor
20157,no ozone monitor
20159,no ozone monitor
20161,no ozone monitor
20163,no ozone monitor
20165,no ozone monitor
20167,no ozone monitor
20169,no ozone monitor
20171,no ozone monitor
20175,no ozone monitor
20179,no ozone monitor
20181,no ozone monitor
20183,no ozone monitor
20185,no ozone monitor
20187,no ozone monitor
20189,no ozone monitor
20193,no ozone monitor
20197,no ozone monitor
20199,no ozone monitor
20201,no ozone monitor
20203,no ozone monitor
20205,no ozone monitor
20207,no ozone monitor
21001,no ozone monitor
21003,no ozone monitor
21005,no ozone monitor
21007,no ozone monitor
21009,no ozone monitor
21011,no ozone monitor
21013,"COPD prevalence suppressed (PLACES, small pop.)"
21015,"COPD prevalence suppressed (PLACES, small pop.)"
21017,no ozone monitor
21019,"COPD prevalence suppressed (PLACES, small pop.)"
21021,no ozone monitor
21023,no ozone monitor
21025,no ozone monitor
21027,no ozone monitor
21029,"COPD prevalence suppressed (PLACES, small pop.)"
21031,no ozone monitor
21033,no ozone monitor
21035,no ozone monitor
21037,"COPD prevalence suppressed (PLACES, small pop.)"
21039,no ozone monitor
21041,no ozone monitor
21043,"COPD prevalence suppressed (PLACES, small pop.)"
21045,no ozone monitor
21047,"COPD prevalence suppressed (PLACES, small pop.)"
21049,no ozone monitor
21051,no ozone monitor
21053,no ozone monitor
21055,no ozone monitor
21057,no ozone monitor
21059,"COPD prevalence suppressed (PLACES, small pop.)"
21061,"COPD prevalence suppressed (PLACES, small pop.)"
21063,no ozone monitor
21065,no ozone monitor
21067,"COPD prevalence suppressed (PLACES, small pop.)"
21069,no ozone monitor
21071,no ozone monitor
21073,no ozone monitor
21075,no ozone monitor
21077,no ozone monitor
21079,no ozone monitor
21081,no ozone monitor
21083,no ozone monitor
21085,no ozone monitor
21087,no ozone monitor
21089,"COPD prevalence suppressed (PLACES, small pop.)"
21091,"COPD prevalence suppressed (PLACES, small pop.)"
21093,"COPD prevalence suppressed (PLACES, small pop.)"
21095,no ozone monitor
21097,no ozone monitor
21099,no ozone monitor
21101,no ozone monitor
21103,no ozone monitor
21105,no ozone monitor
21107,no ozone monitor
21109,no ozone monitor
21111,"COPD prevalence suppressed (PLACES, small pop.)"
21113,"COPD prevalence suppressed (PLACES, small pop.)"
21115,no ozone monitor
21117,no ozone monitor
21119,no ozone monitor
21121,no ozone monitor
21123,no ozone monitor
21125,no ozone monitor
21127,no ozone monitor
21129,no ozone monitor
21131,no ozone monitor
21133,no ozone monitor
21135,no ozone monitor
21137,no ozone monitor
21139,"COPD prevalence suppressed (PLACES, small pop.)"
21141,no ozone monitor
21143,no ozone monitor
21145,"COPD prevalence suppressed (PLACES, small pop.)"
21147,no ozone monitor
21149,no ozone monitor
21151,no ozone monitor
21153,no ozone monitor
21155,no ozone monitor
21157,no ozone monitor
21159,no ozone monitor
21161,no ozone monitor
21163,no ozone monitor
21165,no ozone monitor
21167,no ozone monitor
21169,no ozone monitor
21171,no ozone monitor
21173,no ozone monitor
21175,"COPD prevalence suppressed (PLACES, small pop.)"
21177,no ozone monitor
21179,no ozone monitor
21181,no ozone monitor
21183,no ozone monitor
21185,"COPD prevalence suppressed (PLACES, small pop.)"
21187,no ozone monitor
21189,no ozone monitor
21191,no ozone monitor
21193,"COPD prevalence suppressed (PLACES, small pop.)"
21195,"COPD prevalence suppressed (PLACES, small pop.)"
21197,no ozone monitor
21199,"COPD prevalence suppressed (PLACES, small pop.)"
21201,no ozone monitor
21203,no ozone monitor
21205,no ozone monitor
21207,no ozone monitor
21209,no ozone monitor
21211,no ozone monitor
21213,"COPD prevalence suppressed (PLACES, small pop.)"
21215,no ozone monitor
21217,no ozone monitor
21219,no ozone monitor
21221,no ozone monitor
21223,no ozone monitor
21225,no ozone monitor
21227,"COPD prevalence suppressed (PLACES, small pop.)"
21229,"COPD prevalence suppressed (PLACES, small pop.)"
21231,no ozone monitor
21233,no ozone monitor
21235,no ozone monitor
21237,no ozone monitor
21239,no ozone monitor
22001,no ozone monitor
22003,no ozone monitor
22007,no ozone monitor
22009,no ozone monitor
22011,no ozone monitor
22013,no ozone monitor
22021,no ozone monitor
22023,no ozone monitor
22025,no ozone monitor
22027,no ozone monitor
22029,no ozone monitor
22031,no ozone monitor
22035,no ozone monitor
22037,no ozone monitor
22039,no ozone monitor
22041,no ozone monitor
22043,no ozone monitor
22045,no ozone monitor
22049,no ozone monitor
22053,no ozone monitor
22059,no ozone monitor
22061,no ozone monitor
22065,no ozone monitor
22067,no ozone monitor
22069,no ozone monitor
22071,no ozone monitor
22075,no ozone monitor
22079,no ozone monitor
22081,no ozone monitor
22083,no ozone monitor
22085,no ozone monitor
22089,no ozone monitor
22091,no ozone monitor
22097,no ozone monitor
22101,no ozone monitor
22105,no ozone monitor
22107,no ozone monitor
22109,no ozone monitor
22111,no ozone monitor
22113,no ozone monitor
22115,no ozone monitor
22117,no ozone monitor
22119,no ozone monitor
22123,no ozone monitor
22125,no ozone monitor
22127,no ozone monitor
23007,no ozone monitor
23015,no ozone monitor
23021,no ozone monitor
23025,no ozone monitor
23027,no ozone monitor
24001,no ozone monitor
24011,no ozone monitor
24027,no ozone monitor
24035,no ozone monitor
24037,no ozone monitor
24039,no ozone monitor
24041,no ozone monitor
24045,no ozone monitor
24047,no ozone monitor
25019,no ozone monitor
26001,no ozone monitor
26003,no ozone monitor
26007,no ozone monitor
26009,no ozone monitor
26011,no ozone monitor
26013,no ozone monitor
26015,no ozone monitor
26017,no ozone monitor
26023,no ozone monitor
26025,no ozone monitor
26029,no ozone monitor
26031,no ozone monitor
26033,no ozone monitor
26035,no ozone monitor
26039,no ozone monitor
26041,no ozone monitor
26043,no ozone monitor
26045,no ozone monitor
26047,no ozone monitor
26051,no ozone monitor
26053,no ozone monitor
26055,no ozone monitor
26057,no ozone monitor
26059,no ozone monitor
26061,no ozone monitor
26067,no ozone monitor
26069,no ozone monitor
26071,no ozone monitor
26073,no ozone monitor
26075,no ozone monitor
26079,no ozone monitor
26083,no ozone monitor
26085,no ozone monitor
26087,no ozone monitor
26089,no ozone monitor
26093,no ozone monitor
26095,no ozone monitor
26097,no ozone monitor
26103,no ozone monitor
26107,no ozone monitor
26109,no ozone monitor
26111,no ozone monitor
26115,no ozone monitor
26117,no ozone monitor
26119,no ozone monitor
26123,no ozone monitor
26127,no ozone monitor
26129,no ozone monitor
26131,no ozone monitor
26133,no ozone monitor
26135,no ozone monitor
26137,no ozone monitor
26141,no ozone monitor
26143,no ozone monitor
26145,no ozone monitor
26149,no ozone monitor
26151,no ozone monitor
26155,no ozone monitor
26159,no ozone monitor
27001,no ozone monitor
27009,no ozone monitor
27011,no ozone monitor
27015,no ozone monitor
27019,no ozone monitor
27021,no ozone monitor
27023,no ozone monitor
27025,no ozone monitor
27027,no ozone monitor
27029,no ozone monitor
27031,no ozone monitor
27033,no ozone monitor
27037,no ozone monitor
27039,no ozone monitor
27041,no ozone monitor
27043,no ozone monitor
27045,no ozone monitor
27047,no ozone monitor
27051,no ozone monitor
27055,no ozone monitor
27057,no ozone monitor
27059,no ozone monitor
27061,no ozone monitor
27063,no ozone monitor
27065,no ozone monitor
27067,no ozone monitor
27069,no ozone monitor
27071,no ozone monitor
27073,no ozone monitor
27077,no ozone monitor
27079,no ozone monitor
27081,no ozone monitor
27085,no ozone monitor
27087,no ozone monitor
27089,no ozone monitor
27091,no ozone monitor
27093,no ozone monitor
27097,no ozone monitor
27099,no ozone monitor
27101,no ozone monitor
27103,no ozone monitor
27105,no ozone monitor
27107,no ozone monitor
27111,no ozone monitor
27113,no ozone monitor
27115,no ozone monitor
27117,no ozone monitor
27119,no ozone monitor
27121,no ozone monitor
27123,no ozone monitor
27125,no ozone monitor
27127,no ozone monitor
27129,no ozone monitor
27131,no ozone monitor
27133,no ozone monitor
27135,no ozone monitor
27141,no ozone monitor
27143,no ozone monitor
27147,no ozone monitor
27149,no ozone monitor
27151,no ozone monitor
27153,no ozone monitor
27155,no ozone monitor
27157,no ozone monitor
27159,no ozone monitor
27161,no ozone monitor
27165,no ozone monitor
27167,no ozone monitor
27169,no ozone monitor
27173,no ozone monitor
28001,no ozone monitor
28003,no ozone monitor
28005,no ozone monitor
28007,no ozone monitor
28009,no ozone monitor
28013,no ozone monitor
28015,no ozone monitor
28017,no ozone monitor
28019,no ozone monitor
28021,no ozone monitor
28023,no ozone monitor
28025,no ozone monitor
28027,no ozone monitor
28029,no ozone monitor
28031,no ozone monitor
28035,no ozone monitor
28037,no ozone monitor
28039,no ozone monitor
28041,no ozone monitor
28043,no ozone monitor
28051,no ozone monitor
28053,no ozone monitor
28055,no ozone monitor
28057,no ozone monitor
28061,no ozone monitor
28063,no ozone monitor
28065,no ozone monitor
28067,no ozone monitor
28069,no ozone monitor
28071,no ozone monitor
28073,no ozone monitor
28077,no ozone monitor
28079,no ozone monitor
28083,no ozone monitor
28085,no ozone monitor
28087,no ozone monitor
28089,no ozone monitor
28091,no ozone monitor
28093,no ozone monitor
28095,no ozone monitor
28097,no ozone monitor
28099,no ozone monitor
28101,no ozone monitor
28103,no ozone monitor
28105,no ozone monitor
28107,no ozone monitor
28109,no ozone monitor
28111,no ozone monitor
28113,no ozone monitor
28115,no ozone monitor
28117,no ozone monitor
28119,no ozone monitor
28121,no ozone monitor
28123,no ozone monitor
28125,no ozone monitor
28127,no ozone monitor
28129,no ozone monitor
28131,no ozone monitor
28133,no ozone monitor
28135,no ozone monitor
28137,no ozone monitor
28139,no ozone monitor
28141,no ozone monitor
28143,no ozone monitor
28145,no ozone monitor
28147,no ozone monitor
28149,no ozone monitor
28151,no ozone monitor
28153,no ozone monitor
28155,no ozone monitor
28157,no ozone monitor
28159,no ozone monitor
28163,no ozone monitor
29001,no ozone monitor
29005,no ozone monitor
29007,no ozone monitor
29009,no ozone monitor
29011,no ozone monitor
29013,no ozone monitor
29015,no ozone monitor
29017,no ozone monitor
29021,no ozone monitor
29023,no ozone monitor
29025,no ozone monitor
29029,no ozone monitor
29031,no ozone monitor
29033,no ozone monitor
29035,no ozone monitor
29041,no ozone monitor
29043,no ozone monitor
29045,no ozone monitor
29051,no ozone monitor
29053,no ozone monitor
29055,no ozone monitor
29057,no ozone monitor
29059,no ozone monitor
29061,no ozone monitor
29063,no ozone monitor
29065,no ozone monitor
29067,no ozone monitor
29069,no ozone monitor
29071,no ozone monitor
29073,no ozone monitor
29075,no ozone monitor
29079,no ozone monitor
29081,no ozone monitor
29083,no ozone monitor
29085,no ozone monitor
29087,no ozone monitor
29089,no ozone monitor
29091,no ozone monitor
29093,no ozone monitor
29095,no ozone monitor
29101,no ozone monitor
29103,no ozone monitor
29105,no ozone monitor
29107,no ozone monitor
29109,no ozone monitor
29111,no ozone monitor
29115,no ozone monitor
29117,no ozone monitor
29119,no ozone monitor
29121,no ozone monitor
29123,no ozone monitor
29125,no ozone monitor
29127,no ozone monitor
29129,no ozone monitor
29131,no ozone monitor
29133,no ozone monitor
29135,no ozone monitor
29139,no ozone monitor
29141,no ozone monitor
29143,no ozone monitor
29145,no ozone monitor
29147,no ozone monitor
29149,no ozone monitor
29151,no ozone monitor
29153,no ozone monitor
29155,no ozone monitor
29159,no ozone monitor
29161,no ozone monitor
29163,no ozone monitor
29165,no ozone monitor
29167,no ozone monitor
29169,no ozone monitor
29171,no ozone monitor
29173,no ozone monitor
29175,no ozone monitor
29177,no ozone monitor
29179,no ozone monitor
29181,no ozone monitor
29185,no ozone monitor
29187,no ozone monitor
29195,no ozone monitor
29197,no ozone monitor
29199,no ozone monitor
29201,no ozone monitor
29203,no ozone monitor
29205,no ozone monitor
29207,no ozone monitor
29209,no ozone monitor
29211,no ozone monitor
29213,no ozone monitor
29215,no ozone monitor
29217,no ozone monitor
29219,no ozone monitor
29221,no ozone monitor
29223,no ozone monitor
29225,no ozone monitor
29227,no ozone monitor
29229,no ozone monitor
30001,no ozone monitor
30003,no ozone monitor
30005,no ozone monitor
30007,no ozone monitor
30009,no ozone monitor
30011,no ozone monitor
30013,no ozone monitor
30015,no ozone monitor
30019,no ozone monitor
30021,no ozone monitor
30023,no ozone monitor
30025,no ozone monitor
30031,no ozone monitor
30033,no ozone monitor
30035,no ozone monitor
30037,no ozone monitor
30039,no ozone monitor
30041,no ozone monitor
30043,no ozone monitor
30045,no ozone monitor
30047,no ozone monitor
30051,no ozone monitor
30053,no ozone monitor
30055,no ozone monitor
30057,no ozone monitor
30059,no ozone monitor
30061,no ozone monitor
30065,no ozone monitor
30067,no ozone monitor
30069,no ozone monitor
30071,no ozone monitor
30073,no ozone monitor
30075,no ozone monitor
30077,no ozone monitor
30079,no ozone monitor
30081,no ozone monitor
30085,no ozone monitor
30087,no ozone monitor
30089,no ozone monitor
30091,no ozone monitor
30093,no ozone monitor
30095,no ozone monitor
30097,no ozone monitor
30099,no ozone monitor
30101,no ozone monitor
30103,no ozone monitor
30105,no ozone monitor
30107,no ozone monitor
30109,no ozone monitor
31001,no ozone monitor
31003,no ozone monitor
31005,no ozone monitor
31007,no ozone monitor
31009,no ozone monitor
31011,no ozone monitor
31013,no ozone monitor
31015,no ozone monitor
31017,no ozone monitor
31019,no ozone monitor
31021,no ozone monitor
31023,no ozone monitor
31025,no ozone monitor
31027,no ozone monitor
31029,no ozone monitor
31031,no ozone monitor
31033,no ozone monitor
31035,no ozone monitor
31037,no ozone monitor
31039,no ozone monitor
31041,no ozone monitor
31043,no ozone monitor
31045,no ozone monitor
31047,no ozone monitor
31049,no ozone monitor
31051,no ozone monitor
31053,no ozone monitor
31057,no ozone monitor
31059,no ozone monitor
31061,no ozone monitor
31063,no ozone monitor
31065,no ozone monitor
31067,no ozone monitor
31069,no ozone monitor
31071,no ozone monitor
31073,no ozone monitor
31075,no ozone monitor
31077,no ozone monitor
31081,no ozone monitor
31083,no ozone monitor
31085,no ozone monitor
31087,no ozone monitor
31089,no ozone monitor
31091,no ozone monitor
31093,no ozone monitor
31095,no ozone monitor
31097,no ozone monitor
31099,no ozone monitor
31101,no ozone monitor
31103,no ozone monitor
31105,no ozone monitor
31111,no ozone monitor
31113,no ozone monitor
31115,no ozone monitor
31117,no ozone monitor
31119,no ozone monitor
31121,no ozone monitor
31123,no ozone monitor
31125,no ozone monitor
31127,no ozone monitor
31129,no ozone monitor
31131,no ozone monitor
31133,no ozone monitor
31135,no ozone monitor
31137,no ozone monitor
31139,no ozone monitor
31141,no ozone monitor
31143,no ozone monitor
31145,no ozone monitor
31147,no ozone monitor
31149,no ozone monitor
31151,no ozone monitor
31153,no ozone monitor
31155,no ozone monitor
31157,no ozone monitor
31159,no ozone monitor
31161,no ozone monitor
31163,no ozone monitor
31167,no ozone monitor
31169,no ozone monitor
31171,no ozone monitor
31173,no ozone monitor
31175,no ozone monitor
31177,no ozone monitor
31179,no ozone monitor
31181,no ozone monitor
31183,no ozone monitor
31185,no ozone monitor
32005,no ozone monitor
32009,no ozone monitor
32011,no ozone monitor
32013,no ozone monitor
32015,no ozone monitor
32017,no ozone monitor
32021,no ozone monitor
32023,no ozone monitor
32027,no ozone monitor
32029,no ozone monitor
33003,no ozone monitor
33017,no ozone monitor
33019,no ozone monitor
34005,no ozone monitor
34009,no ozone monitor
34013,no ozone monitor
34033,no ozone monitor
34035,no ozone monitor
34037,no ozone monitor
34039,no ozone monitor
35005,no ozone monitor
35006,no ozone monitor
35007,no ozone monitor
35009,no ozone monitor
35011,no ozone monitor
35017,no ozone monitor
35019,no ozone monitor
35021,no ozone monitor
35023,no ozone monitor
35028,no ozone monitor
35029,no ozone monitor
35031,no ozone monitor
35033,no ozone monitor
35035,no ozone monitor
35037,no ozone monitor
35041,no ozone monitor
35047,no ozone monitor
35051,no ozone monitor
35053,no ozone monitor
35055,no ozone monitor
35057,no ozone monitor
35059,no ozone monitor
36003,no ozone monitor
36007,no ozone monitor
36009,no ozone monitor
36011,no ozone monitor
36015,no ozone monitor
36017,no ozone monitor
36019,no ozone monitor
36021,no ozone monitor
36023,no ozone monitor
36025,no ozone monitor
36033,no ozone monitor
36035,no ozone monitor
36037,no ozone monitor
36039,no ozone monitor
36043,no ozone monitor
36047,no ozone monitor
36049,no ozone monitor
36051,no ozone monitor
36053,no ozone monitor
36057,no ozone monitor
36059,no ozone monitor
36065,no ozone monitor
36069,no ozone monitor
36071,no ozone monitor
36073,no ozone monitor
36077,no ozone monitor
36083,no ozone monitor
36089,no ozone monitor
36093,no ozone monitor
36095,no ozone monitor
36097,no ozone monitor
36099,no ozone monitor
36105,no ozone monitor
36107,no ozone monitor
36111,no ozone monitor
36113,no ozone monitor
36115,no ozone monitor
36121,no ozone monitor
36123,no ozone monitor
37001,no ozone monitor
37005,no ozone monitor
37007,no ozone monitor
37009,no ozone monitor
37013,no ozone monitor
37015,no ozone monitor
37017,no ozone monitor
37019,no ozone monitor
37023,no ozone monitor
37025,no ozone monitor
37029,no ozone monitor
37035,no ozone monitor
37037,no ozone monitor
37039,no ozone monitor
37041,no ozone monitor
37043,no ozone monitor
37045,no ozone monitor
37047,no ozone monitor
37049,no ozone monitor
37053,no ozone monitor
37055,no ozone monitor
37057,no ozone monitor
37059,no ozone monitor
37061,no ozone monitor
37069,no ozone monitor
37071,no ozone monitor
37073,no ozone monitor
37079,no ozone monitor
37083,no ozone monitor
37085,no ozone monitor
37089,no ozone monitor
37091,no ozone monitor
37093,no ozone monitor
37095,no ozone monitor
37097,no ozone monitor
37099,no ozone monitor
37103,no ozone monitor
37105,no ozone monitor
37111,no ozone monitor
37115,no ozone monitor
37121,no ozone monitor
37125,no ozone monitor
37127,no ozone monitor
37131,no ozone monitor
37133,no ozone monitor
37135,no ozone monitor
37137,no ozone monitor
37139,no ozone monitor
37141,no ozone monitor
37143,no ozone monitor
37149,no ozone monitor
37151,no ozone monitor
37153,no ozone monitor
37155,no ozone monitor
37161,no ozone monitor
37163,no ozone monitor
37165,no ozone monitor
37167,no ozone monitor
37169,no ozone monitor
37171,no ozone monitor
37175,no ozone monitor
37177,no ozone monitor
37181,no ozone monitor
37185,no ozone monitor
37187,no ozone monitor
37189,no ozone monitor
37191,no ozone monitor
37193,no ozone monitor
37195,no ozone monitor
37197,no ozone monitor
37199,no ozone monitor
38001,no ozone monitor
38003,no ozone monitor
38005,no ozone monitor
38009,no ozone monitor
38011,no ozone monitor
38019,no ozone monitor
38021,no ozone monitor
38023,no ozone monitor
38027,no ozone monitor
38029,no ozone monitor
38031,no ozone monitor
38033,no ozone monitor
38035,no ozone monitor
38037,no ozone monitor
38039,no ozone monitor
38041,no ozone monitor
38043,no ozone monitor
38045,no ozone monitor
38047,no ozone monitor
38049,no ozone monitor
38051,no ozone monitor
38055,no ozone monitor
38059,no ozone monitor
38061,no ozone monitor
38063,no ozone monitor
38067,no ozone monitor
38069,no ozone monitor
38071,no ozone monitor
38073,no ozone monitor
38075,no ozone monitor
38077,no ozone monitor
38079,no ozone monitor
38081,no ozone monitor
38083,no ozone monitor
38085,no ozone monitor
38087,no ozone monitor
38089,no ozone monitor
38091,no ozone monitor
38093,no ozone monitor
38095,no ozone monitor
38097,no ozone monitor
38099,no ozone monitor
38103,no ozone monitor
38105,no ozone monitor
39001,no ozone monitor
39005,no ozone monitor
39009,no ozone monitor
39011,no ozone monitor
39013,no ozone monitor
39015,no ozone monitor
39019,no ozone monitor
39021,no ozone monitor
39029,no ozone monitor
39031,no ozone monitor
39033,no ozone monitor
39037,no ozone monitor
39039,no ozone monitor
39043,no ozone monitor
39045,no ozone monitor
39047,no ozone monitor
39051,no ozone monitor
39053,no ozone monitor
39059,no ozone monitor
39063,no ozone monitor
39065,no ozone monitor
39067,no ozone monitor
39069,no ozone monitor
39071,no ozone monitor
39073,no ozone monitor
39075,no ozone monitor
39077,no ozone monitor
39079,no ozone monitor
39091,no ozone monitor
39101,no ozone monitor
39105,no ozone monitor
39107,no ozone monitor
39111,no ozone monitor
39115,no ozone monitor
39117,no ozone monitor
39119,no ozone monitor
39123,no ozone monitor
39125,no ozone monitor
39127,no ozone monitor
39129,no ozone monitor
39131,no ozone monitor
39137,no ozone monitor
39139,no ozone monitor
39141,no ozone monitor
39143,no ozone monitor
39145,no ozone monitor
39147,no ozone monitor
39149,no ozone monitor
39157,no ozone monitor
39159,no ozone monitor
39161,no ozone monitor
39163,no ozone monitor
39169,no ozone monitor
39171,no ozone monitor
39175,no ozone monitor
40003,no ozone monitor
40005,no ozone monitor
40007,no ozone monitor
40009,no ozone monitor
40011,no ozone monitor
40013,no ozone monitor
40015,no ozone monitor
40019,no ozone monitor
40021,no ozone monitor
40023,no ozone monitor
40025,no ozone monitor
40029,no ozone monitor
40033,no ozone monitor
40035,no ozone monitor
40039,no ozone monitor
40041,no ozone monitor
40045,no ozone monitor
40047,no ozone monitor
40049,no ozone monitor
40051,no ozone monitor
40053,no ozone monitor
40055,no ozone monitor
40057,no ozone monitor
40059,no ozone monitor
40061,no ozone monitor
40063,no ozone monitor
40065,no ozone monitor
40067,no ozone monitor
40069,no ozone monitor
40071,no ozone monitor
40073,no ozone monitor
40077,no ozone monitor
40079,no ozone monitor
40081,no ozone monitor
40083,no ozone monitor
40089,no ozone monitor
40091,no ozone monitor
40093,no ozone monitor
40095,no ozone monitor
40099,no ozone monitor
40101,no ozone monitor
40103,no ozone monitor
40105,no ozone monitor
40107,no ozone monitor
40111,no ozone monitor
40117,no ozone monitor
40119,no ozone monitor
40123,no ozone monitor
40125,no ozone monitor
40127,no ozone monitor
40129,no ozone monitor
40131,no ozone monitor
40133,no ozone monitor
40137,no ozone monitor
40139,no ozone monitor
40141,no ozone monitor
40145,no ozone monitor
40149,no ozone monitor
40151,no ozone monitor
40153,no ozone monitor
41001,no ozone monitor
41003,no ozone monitor
41007,no ozone monitor
41011,no ozone monitor
41013,no ozone monitor
41015,no ozone monitor
41017,no ozone monitor
41019,no ozone monitor
41021,no ozone monitor
41023,no ozone monitor
41025,no ozone monitor
41027,no ozone monitor
41031,no ozone monitor
41033,no ozone monitor
41035,no ozone monitor
41037,no ozone monitor
41041,no ozone monitor
41043,no ozone monitor
41045,no ozone monitor
41049,no ozone monitor
41053,no ozone monitor
41055,no ozone monitor
41057,no ozone monitor
41061,no ozone monitor
41063,no ozone monitor
41065,no ozone monitor
41069,no ozone monitor
41071,no ozone monitor
42001,"COPD prevalence suppressed (PLACES, small pop.)"
42003,"COPD prevalence suppressed (PLACES, small pop.)"
42005,"COPD prevalence suppressed (PLACES, small pop.)"
42007,"COPD prevalence suppressed (PLACES, small pop.)"
42009,no ozone monitor
42011,"COPD prevalence suppressed (PLACES, small pop.)"
42013,"COPD prevalence suppressed (PLACES, small pop.)"
42015,"COPD prevalence suppressed (PLACES, small pop.)"
42017,"COPD prevalence suppressed (PLACES, small pop.)"
42019,no ozone monitor
42021,"COPD prevalence suppressed (PLACES, small pop.)"
42023,no ozone monitor
42025,no ozone monitor
42027,"COPD prevalence suppressed (PLACES, small pop.)"
42029,"COPD prevalence suppressed (PLACES, small pop.)"
42031,no ozone monitor
42033,no ozone monitor
42035,no ozone monitor
42037,no ozone monitor
42039,no ozone monitor
42041,no ozone monitor
42043,"COPD prevalence suppressed (PLACES, small pop.)"
42045,"COPD prevalence suppressed (PLACES, small pop.)"
42047,"COPD prevalence suppressed (PLACES, small pop.)"
42049,"COPD prevalence suppressed (PLACES, small pop.)"
42051,"COPD prevalence suppressed (PLACES, small pop.)"
42053,no ozone monitor
42055,"COPD prevalence suppressed (PLACES, small pop.)"
42057,no ozone monitor
42059,"COPD prevalence suppressed (PLACES, small pop.)"
42061,no ozone monitor
42063,"COPD prevalence suppressed (PLACES, small pop.)"
42065,no ozone monitor
42067,no ozone monitor
42069,"COPD prevalence suppressed (PLACES, small pop.)"
42071,"COPD prevalence suppressed (PLACES, small pop.)"
42073,no ozone monitor
42075,"COPD prevalence suppressed (PLACES, small pop.)"
42077,"COPD prevalence suppressed (PLACES, small pop.)"
42079,no ozone monitor
42081,"COPD prevalence suppressed (PLACES, small pop.)"
42083,no ozone monitor
42085,"COPD prevalence suppressed (PLACES, small pop.)"
42087,no ozone monitor
42089,"COPD prevalence suppressed (PLACES, small pop.)"
42091,"COPD prevalence suppressed (PLACES, small pop.)"
42093,no ozone monitor
42095,"COPD prevalence suppressed (PLACES, small pop.)"
42097,no ozone monitor
42099,no ozone monitor
42101,"COPD prevalence suppressed (PLACES, small pop.)"
42103,no ozone monitor
42105,no ozone monitor
42107,no ozone monitor
42109,no ozone monitor
42111,"COPD prevalence suppressed (PLACES, small pop.)"
42113,no ozone monitor
42115,no ozone monitor
42117,"COPD prevalence suppressed (PLACES, small pop.)"
42119,no ozone monitor
42121,no ozone monitor
42123,"COPD prevalence suppressed (PLACES, small pop.)"
42125,"COPD prevalence suppressed (PLACES, small pop.)"
42127,no ozone monitor
42129,"COPD prevalence suppressed (PLACES, small pop.)"
42131,no ozone monitor
42133,"COPD prevalence suppressed (PLACES, small pop.)"
44001,no ozone monitor
44005,no ozone monitor
45001,no ozone monitor
45005,no ozone monitor
45009,no ozone monitor
45011,no ozone monitor
45013,no ozone monitor
45017,no ozone monitor
45021,no ozone monitor
45023,no ozone monitor
45027,no ozone monitor
45029,no ozone monitor
45033,no ozone monitor
45035,no ozone monitor
45039,no ozone monitor
45041,no ozone monitor
45043,no ozone monitor
45047,no ozone monitor
45049,no ozone monitor
45053,no ozone monitor
45055,no ozone monitor
45057,no ozone monitor
45059,no ozone monitor
45061,no ozone monitor
45063,no ozone monitor
45065,no ozone monitor
45067,no ozone monitor
45069,no ozone monitor
45071,no ozone monitor
45073,no ozone monitor
45075,no ozone monitor
45077,no ozone monitor
45081,no ozone monitor
45085,no ozone monitor
45087,no ozone monitor
45089,no ozone monitor
46003,no ozone monitor
46005,no ozone monitor
46007,no ozone monitor
46009,no ozone monitor
46013,no ozone monitor
46015,no ozone monitor
46017,no ozone monitor
46019,no ozone monitor
46021,no ozone monitor
46023,no ozone monitor
46025,no ozone monitor
46031,no ozone monitor
46035,no ozone monitor
46037,no ozone monitor
46039,no ozone monitor
46041,no ozone monitor
46043,no ozone monitor
46045,no ozone monitor
46047,no ozone monitor
46049,no ozone monitor
46051,no ozone monitor
46053,no ozone monitor
46055,no ozone monitor
46057,no ozone monitor
46059,no ozone monitor
46061,no ozone monitor
46063,no ozone monitor
46065,no ozone monitor
46067,no ozone monitor
46069,no ozone monitor
46073,no ozone monitor
46075,no ozone monitor
46077,no ozone monitor
46079,no ozone monitor
46081,no ozone monitor
46083,no ozone monitor
46085,no ozone monitor
46087,no ozone monitor
46089,no ozone monitor
46091,no ozone monitor
46095,no ozone monitor
46097,no ozone monitor
46101,no ozone monitor
46102,no ozone monitor
46103,no ozone monitor
46105,no ozone monitor
46107,no ozone monitor
46109,no ozone monitor
46111,no ozone monitor
46115,no ozone monitor
46117,no ozone monitor
46119,no ozone monitor
46121,no ozone monitor
46123,no ozone monitor
46125,no ozone monitor
46127,no ozone monitor
46129,no ozone monitor
46135,no ozone monitor
46137,no ozone monitor
47003,no ozone monitor
47005,no ozone monitor
47007,no ozone monitor
47011,no ozone monitor
47013,no ozone monitor
47015,no ozone monitor
47017,no ozone monitor
47019,no ozone monitor
47021,no ozone monitor
47023,no ozone monitor
47027,no ozone monitor
47029,no ozone monitor
47031,no ozone monitor
47033,no ozone monitor
47035,no ozone monitor
47039,no ozone monitor
47043,no ozone monitor
47045,no ozone monitor
47047,no ozone monitor
47049,no ozone monitor
47051,no ozone monitor
47053,no ozone monitor
47055,no ozone monitor
47057,no ozone monitor
47059,no ozone monitor
47061,no ozone monitor
47063,no ozone monitor
47067,no ozone monitor
47069,no ozone monitor
47071,no ozone monitor
47073,no ozone monitor
47075,no ozone monitor
47077,no ozone monitor
47079,no ozone monitor
47081,no ozone monitor
47083,no ozone monitor
47085,no ozone monitor
47087,no ozone monitor
47091,no ozone monitor
47095,no ozone monitor
47097,no ozone monitor
47099,no ozone monitor
47101,no ozone monitor
47103,no ozone monitor
47107,no ozone monitor
47109,no ozone monitor
47111,no ozone monitor
47113,no ozone monitor
47115,no ozone monitor
47117,no ozone monitor
47119,no ozone monitor
47121,no ozone monitor
47123,no ozone monitor
47125,no ozone monitor
47127,no ozone monitor
47129,no ozone monitor
47131,no ozone monitor
47133,no ozone monitor
47135,no ozone monitor
47137,no ozone monitor
47139,no ozone monitor
47141,no ozone monitor
47143,no ozone monitor
47145,no ozone monitor
47147,no ozone monitor
47149,no ozone monitor
47151,no ozone monitor
47153,no ozone monitor
47159,no ozone monitor
47161,no ozone monitor
47167,no ozone monitor
47169,no ozone monitor
47171,no ozone monitor
47173,no ozone monitor
47175,no ozone monitor
47177,no ozone monitor
47179,no ozone monitor
47181,no ozone monitor
47183,no ozone monitor
47185,no ozone monitor
48001,no ozone monitor
48003,no ozone monitor
48005,no ozone monitor
48007,no ozone monitor
48009,no ozone monitor
48011,no ozone monitor
48013,no ozone monitor
48015,no ozone monitor
48017,no ozone monitor
48019,no ozone monitor
48021,no ozone monitor
48023,no ozone monitor
48025,no ozone monitor
48031,no ozone monitor
48033,no ozone monitor
48035,no ozone monitor
48037,no ozone monitor
48041,no ozone monitor
48045,no ozone monitor
48047,no ozone monitor
48049,no ozone monitor
48051,no ozone monitor
48053,no ozone monitor
48055,no ozone monitor
48057,no ozone monitor
48059,no ozone monitor
48063,no ozone monitor
48065,no ozone monitor
48067,no ozone monitor
48069,no ozone monitor
48071,no ozone monitor
48073,no ozone monitor
48075,no ozone monitor
48077,no ozone monitor
48079,no ozone monitor
48081,no ozone monitor
48083,no ozone monitor
48087,no ozone monitor
48089,no ozone monitor
48091,no ozone monitor
48093,no ozone monitor
48095,no ozone monitor
48097,no ozone monitor
48099,no ozone monitor
48101,no ozone monitor
48103,no ozone monitor
48105,no ozone monitor
48107,no ozone monitor
48109,no ozone monitor
48111,no ozone monitor
48115,no ozone monitor
48117,no ozone monitor
48119,no ozone monitor
48123,no ozone monitor
48125,no ozone monitor
48127,no ozone monitor
48129,no ozone monitor
48131,no ozone monitor
48133,no ozone monitor
48135,no ozone monitor
48137,no ozone monitor
48143,no ozone monitor
48145,no ozone monitor
48147,no ozone monitor
48149,no ozone monitor
48151,no ozone monitor
48153,no ozone monitor
48155,no ozone monitor
48157,no ozone monitor
48159,no ozone monitor
48161,no ozone monitor
48163,no ozone monitor
48165,no ozone monitor
48169,no ozone monitor
48171,no ozone monitor
48173,no ozone monitor
48175,no ozone monitor
48177,no ozone monitor
48179,no ozone monitor
48181,no ozone monitor
48185,no ozone monitor
48187,no ozone monitor
48189,no ozone monitor
48191,no ozone monitor
48193,no ozone monitor
48195,no ozone monitor
48197,no ozone monitor
48199,no ozone monitor
48205,no ozone monitor
48207,no ozone monitor
48209,no ozone monitor
48211,no ozone monitor
48213,no ozone monitor
48217,no ozone monitor
48219,no ozone monitor
48223,no ozone monitor
48225,no ozone monitor
48227,no ozone monitor
48229,no ozone monitor
48233,no ozone monitor
48235,no ozone monitor
48237,no ozone monitor
48239,no ozone monitor
48241,no ozone monitor
48243,no ozone monitor
48247,no ozone monitor
48249,no ozone monitor
48253,no ozone monitor
48255,no ozone monitor
48259,no ozone monitor
48261,no ozone monitor
48263,no ozone monitor
48265,no ozone monitor
48267,no ozone monitor
48269,no ozone monitor
48271,no ozone monitor
48273,no ozone monitor
48275,no ozone monitor
48277,no ozone monitor
48279,no ozone monitor
48281,no ozone monitor
48283,no ozone monitor
48285,no ozone monitor
48287,no ozone monitor
48289,no ozone monitor
48291,no ozone monitor
48293,no ozone monitor
48295,no ozone monitor
48297,no ozone monitor
48299,no ozone monitor
48301,no ozone monitor
48303,no ozone monitor
48305,no ozone monitor
48307,no ozone monitor
48311,no ozone monitor
48313,no ozone monitor
48315,no ozone monitor
48317,no ozone monitor
48319,no ozone monitor
48321,no ozone monitor
48323,no ozone monitor
48325,no ozone monitor
48327,no ozone monitor
48329,no ozone monitor
48331,no ozone monitor
48333,no ozone monitor
48335,no ozone monitor
48337,no ozone monitor
48341,no ozone monitor
48343,no ozone monitor
48345,no ozone monitor
48347,no ozone monitor
48351,no ozone monitor
48353,no ozone monitor
48357,no ozone monitor
48359,no ozone monitor
48363,no ozone monitor
48365,no ozone monitor
48369,no ozone monitor
48371,no ozone monitor
48375,no ozone monitor
48377,no ozone monitor
48379,no ozone monitor
48383,no ozone monitor
48385,no ozone monitor
48387,no ozone monitor
48389,no ozone monitor
48391,no ozone monitor
48393,no ozone monitor
48395,no ozone monitor
48399,no ozone monitor
48401,no ozone monitor
48403,no ozone monitor
48405,no ozone monitor
48407,no ozone monitor
48409,no ozone monitor
48411,no ozone monitor
48413,no ozone monitor
48415,no ozone monitor
48417,no ozone monitor
48419,no ozone monitor
48421,no ozone monitor
48425,no ozone monitor
48427,no ozone monitor
48429,no ozone monitor
48431,no ozone monitor
48433,no ozone monitor
48435,no ozone monitor
48437,no ozone monitor
48441,no ozone monitor
48443,no ozone monitor
48445,no ozone monitor
48447,no ozone monitor
48449,no ozone monitor
48451,no ozone monitor
48455,no ozone monitor
48457,no ozone monitor
48459,no ozone monitor
48461,no ozone monitor
48463,no ozone monitor
48465,no ozone monitor
48467,no ozone monitor
48471,no ozone monitor
48473,no ozone monitor
48475,no ozone monitor
48477,no ozone monitor
48481,no ozone monitor
48483,no ozone monitor
48485,no ozone monitor
48487,no ozone monitor
48489,no ozone monitor
48491,no ozone monitor
48493,no ozone monitor
48495,no ozone monitor
48497,no ozone monitor
48499,no ozone monitor
48501,no ozone monitor
48503,no ozone monitor
48505,no ozone monitor
48507,no ozone monitor
49001,no ozone monitor
49009,no ozone monitor
49015,no ozone monitor
49017,no ozone monitor
49023,no ozone monitor
49025,no ozone monitor
49027,no ozone monitor
49029,no ozone monitor
49031,no ozone monitor
49033,no ozone monitor
49039,no ozone monitor
49041,no ozone monitor
49043,no ozone monitor
49055,no ozone monitor
50001,no ozone monitor
50005,no ozone monitor
50009,no ozone monitor
50011,no ozone monitor
50013,no ozone monitor
50015,no ozone monitor
50017,no ozone monitor
50019,no ozone monitor
50023,no ozone monitor
50025,no ozone monitor
50027,no ozone monitor
51001,no ozone monitor
51005,no ozone monitor
51007,no ozone monitor
51009,no ozone monitor
51011,no ozone monitor
51015,no ozone monitor
51017,no ozone monitor
51019,no ozone monitor
51021,no ozone monitor
51023,no ozone monitor
51025,no ozone monitor
51027,no ozone monitor
51029,no ozone monitor
51031,no ozone monitor
51035,no ozone monitor
51037,no ozone monitor
51043,no ozone monitor
51045,no ozone monitor
51047,no ozone monitor
51049,no ozone monitor
51051,no ozone monitor
51053,no ozone monitor
51057,no ozone monitor
51063,no ozone monitor
51065,no ozone monitor
51067,no ozone monitor
51073,no ozone monitor
51075,no ozone monitor
51077,no ozone monitor
51079,no ozone monitor
51081,no ozone monitor
51083,no ozone monitor
51089,no ozone monitor
51091,no ozone monitor
51093,no ozone monitor
51095,no ozone monitor
51097,no ozone monitor
51099,no ozone monitor
51101,no ozone monitor
51103,no ozone monitor
51105,no ozone monitor
51109,no ozone monitor
51111,no ozone monitor
51115,no ozone monitor
51117,no ozone monitor
51119,no ozone monitor
51121,no ozone monitor
51125,no ozone monitor
51127,no ozone monitor
51131,no ozone monitor
51133,no ozone monitor
51135,no ozone monitor
51137,no ozone monitor
51139,no ozone monitor
51141,no ozone monitor
51143,no ozone monitor
51145,no ozone monitor
51149,no ozone monitor
51155,no ozone monitor
51157,no ozone monitor
51159,no ozone monitor
51167,no ozone monitor
51169,no ozone monitor
51171,no ozone monitor
51173,no ozone monitor
51175,no ozone monitor
51177,no ozone monitor
51181,no ozone monitor
51183,no ozone monitor
51185,no ozone monitor
51187,no ozone monitor
51191,no ozone monitor
51193,no ozone monitor
51195,no ozone monitor
51199,no ozone monitor
51510,no ozone monitor
51520,no ozone monitor
51530,no ozone monitor
51540,no ozone monitor
51550,no ozone monitor
51570,no ozone monitor
51580,no ozone monitor
51590,no ozone monitor
51595,no ozone monitor
51600,no ozone monitor
51610,no ozone monitor
51620,no ozone monitor
51630,no ozone monitor
51640,no ozone monitor
51660,no ozone monitor
51670,no ozone monitor
51678,no ozone monitor
51680,no ozone monitor
51683,no ozone monitor
51685,no ozone monitor
51690,no ozone monitor
51700,no ozone monitor
51710,no ozone monitor
51720,no ozone monitor
51730,no ozone monitor
51735,no ozone monitor
51740,no ozone monitor
51750,no ozone monitor
51760,no ozone monitor
51770,no ozone monitor
51775,no ozone monitor
51790,no ozone monitor
51810,no ozone monitor
51820,no ozone monitor
51830,no ozone monitor
51840,no ozone monitor
53001,no ozone monitor
53003,no ozone monitor
53007,no ozone monitor
53015,no ozone monitor
53017,no ozone monitor
53019,no ozone monitor
53021,no ozone monitor
53023,no ozone monitor
53025,no ozone monitor
53027,no ozone monitor
53029,no ozone monitor
53031,no ozone monitor
53035,no ozone monitor
53037,no ozone monitor
53039,no ozone monitor
53041,no ozone monitor
53043,no ozone monitor
53045,no ozone monitor
53047,no ozone monitor
53049,no ozone monitor
53051,no ozone monitor
53055,no ozone monitor
53059,no ozone monitor
53061,no ozone monitor
53065,no ozone monitor
53069,no ozone monitor
53071,no ozone monitor
53075,no ozone monitor
53077,no ozone monitor
54001,no ozone monitor
54005,no ozone monitor
54007,no ozone monitor
54009,no ozone monitor
54013,no ozone monitor
54015,no ozone monitor
54017,no ozone monitor
54019,no ozone monitor
54021,no ozone monitor
54023,no ozone monitor
54027,no ozone monitor
54031,no ozone monitor
54033,no ozone monitor
54035,no ozone monitor
54037,no ozone monitor
54041,no ozone monitor
54043,no ozone monitor
54045,no ozone monitor
54047,no ozone monitor
54049,no ozone monitor
54051,no ozone monitor
54053,no ozone monitor
54055,no ozone monitor
54057,no ozone monitor
54059,no ozone monitor
54063,no ozone monitor
54065,no ozone monitor
54067,no ozone monitor
54071,no ozone monitor
54073,no ozone monitor
54075,no ozone monitor
54077,no ozone monitor
54079,no ozone monitor
54081,no ozone monitor
54083,no ozone monitor
54085,no ozone monitor
54087,no ozone monitor
54089,no ozone monitor
54091,no ozone monitor
54095,no ozone monitor
54097,no ozone monitor
54099,no ozone monitor
54101,no ozone monitor
54103,no ozone monitor
54105,no ozone monitor
54109,no ozone monitor
55001,no ozone monitor
55005,no ozone monitor
55007,no ozone monitor
55011,no ozone monitor
55013,no ozone monitor
55015,no ozone monitor
55017,no ozone monitor
55019,no ozone monitor
55023,no ozone monitor
55031,no ozone monitor
55033,no ozone monitor
55037,no ozone monitor
55043,no ozone monitor
55045,no ozone monitor
55047,no ozone monitor
55049,no ozone monitor
55051,no ozone monitor
55053,no ozone monitor
55057,no ozone monitor
55065,no ozone monitor
55067,no ozone monitor
55069,no ozone monitor
55075,no ozone monitor
55077,no ozone monitor
55078,no ozone monitor
55081,no ozone monitor
55083,no ozone monitor
55085,no ozone monitor
55091,no ozone monitor
55093,no ozone monitor
55095,no ozone monitor
55097,no ozone monitor
55099,no ozone monitor
55103,no ozone monitor
55107,no ozone monitor
55109,no ozone monitor
55113,no ozone monitor
55115,no ozone monitor
55121,no ozone monitor
55123,no ozone monitor
55129,no ozone monitor
55131,no ozone monitor
55135,no ozone monitor
55137,no ozone monitor
55139,no ozone monitor
55141,no ozone monitor
56003,no ozone monitor
56007,no ozone monitor
56011,no ozone monitor
56015,no ozone monitor
56017,no ozone monitor
56023,no ozone monitor
56027,no ozone monitor
56029,no ozone monitor
56031,no ozone monitor
56041,no ozone monitor
56043,no ozone monitor
56045,no ozone monitor
72001,no ozone monitor
72003,no ozone monitor
72005,no ozone monitor
72007,no ozone monitor
72009,no ozone monitor
72011,no ozone monitor
72013,no ozone monitor
72015,no ozone monitor
72017,no ozone monitor
72019,no ozone monitor
72021,no ozone monitor
72023,no ozone monitor
72025,no ozone monitor
72027,no ozone monitor
72029,no ozone monitor
72031,no ozone monitor
72033,no ozone monitor
72035,no ozone monitor
72037,no ozone monitor
72039,no ozone monitor
72041,no ozone monitor
72043,no ozone monitor
72045,no ozone monitor
72047,no ozone monitor
72049,no ozone monitor
72051,no ozone monitor
72053,no ozone monitor
72054,no ozone monitor
72055,no ozone monitor
72057,no ozone monitor
72059,no ozone monitor
72061,no ozone monitor
72063,no ozone monitor
72065,no ozone monitor
72067,no ozone monitor
72069,no ozone monitor
72071,no ozone monitor
72073,no ozone monitor
72075,no ozone monitor
72077,no ozone monitor
72079,no ozone monitor
72081,no ozone monitor
72083,no ozone monitor
72085,no ozone monitor
72087,no ozone monitor
72089,no ozone monitor
72091,no ozone monitor
72093,no ozone monitor
72095,no ozone monitor
72097,"COPD prevalence suppressed (PLACES, small pop.)"
72099,no ozone monitor
72101,no ozone monitor
72103,no ozone monitor
72105,no ozone monitor
72107,no ozone monitor
72109,no ozone monitor
72111,no ozone monitor
72113,no ozone monitor
72115,no ozone monitor
72117,no ozone monitor
72119,no ozone monitor
72121,no ozone monitor
72123,no ozone monitor
72125,no ozone monitor
72127,no ozone monitor
72129,no ozone monitor
72131,no ozone monitor
72133,no ozone monitor
72135,no ozone monitor
72137,no ozone monitor
72139,no ozone monitor
72141,no ozone monitor
72143,no ozone monitor
72145,no ozone monitor
72147,no ozone monitor
72149,no ozone monitor
72151,no ozone monitor
72153,no ozone monitor
